date,instrument_id,instrument,value,prev_close,change_pct,status,is_trading_day,filled_from,source,revision
2026-08-25,XAU.18K.INR.G,XAU.18K,12153.1,,,final,true,,ibja,0
2026-08-25,XAU.22K.INR.G,XAU.22K,14843,,,final,true,,ibja,0
2026-08-25,XAU.24K.INR.G,XAU.24K,16204.1,,,final,true,,ibja,0
2026-08-26,XAU.18K.INR.G,XAU.18K,12100.3,12153.1,-0.4345,final,true,,ibja,0
2026-08-26,XAU.22K.INR.G,XAU.22K,14778.5,14843,-0.4345,final,true,,ibja,0
2026-08-26,XAU.24K.INR.G,XAU.24K,16133.7,16204.1,-0.4345,final,true,,ibja,0
2026-08-27,XAU.18K.INR.G,XAU.18K,11879,12100.3,-1.8289,final,true,,ibja,0
2026-08-27,XAU.22K.INR.G,XAU.22K,14508.2,14778.5,-1.829,final,true,,ibja,0
2026-08-27,XAU.24K.INR.G,XAU.24K,15838.6,16133.7,-1.8291,final,true,,ibja,0
2026-08-28,XAU.18K.INR.G,XAU.18K,11968.4,11879,0.7526,final,true,,ibja,0
2026-08-28,XAU.22K.INR.G,XAU.22K,14617.3,14508.2,0.752,final,true,,ibja,0
2026-08-28,XAU.24K.INR.G,XAU.24K,15957.8,15838.6,0.7526,final,true,,ibja,0
2026-08-29,XAU.18K.INR.G,XAU.18K,,,,missing,true,,ibja,0
2026-08-29,XAU.22K.INR.G,XAU.22K,,,,missing,true,,ibja,0
2026-08-29,XAU.24K.INR.G,XAU.24K,,,,missing,true,,ibja,0
2026-08-30,XAU.18K.INR.G,XAU.18K,,,,missing,false,,ibja,0
2026-08-30,XAU.22K.INR.G,XAU.22K,,,,missing,false,,ibja,0
2026-08-30,XAU.24K.INR.G,XAU.24K,,,,missing,false,,ibja,0
2026-08-31,XAU.18K.INR.G,XAU.18K,11687.6,,,final,true,,ibja,0
2026-08-31,XAU.22K.INR.G,XAU.22K,14274.5,,,final,true,,ibja,0
2026-08-31,XAU.24K.INR.G,XAU.24K,15583.5,,,final,true,,ibja,0
2026-09-01,XAU.18K.INR.G,XAU.18K,11488.7,11687.6,-1.7018,final,true,,ibja,0
2026-09-01,XAU.22K.INR.G,XAU.22K,14031.6,14274.5,-1.7016,final,true,,ibja,0
2026-09-01,XAU.24K.INR.G,XAU.24K,15318.3,15583.5,-1.7018,final,true,,ibja,0
2026-09-02,XAU.18K.INR.G,XAU.18K,11338.8,11488.7,-1.3048,final,true,,ibja,0
2026-09-02,XAU.22K.INR.G,XAU.22K,13848.5,14031.6,-1.3049,final,true,,ibja,0
2026-09-02,XAU.24K.INR.G,XAU.24K,15118.4,15318.3,-1.305,final,true,,ibja,0
2026-09-03,XAU.18K.INR.G,XAU.18K,11545.6,11338.8,1.8238,final,true,,ibja,0
2026-09-03,XAU.22K.INR.G,XAU.22K,14101,13848.5,1.8233,final,true,,ibja,0
2026-09-03,XAU.24K.INR.G,XAU.24K,15394.1,15118.4,1.8236,final,true,,ibja,0
2026-09-04,XAU.18K.INR.G,XAU.18K,11616.3,11545.6,0.6124,final,true,,ibja,0
2026-09-04,XAU.22K.INR.G,XAU.22K,14187.4,14101,0.6127,final,true,,ibja,0
2026-09-04,XAU.24K.INR.G,XAU.24K,15488.4,15394.1,0.6126,final,true,,ibja,0
2026-09-05,XAU.18K.INR.G,XAU.18K,,,,missing,true,,ibja,0
2026-09-05,XAU.22K.INR.G,XAU.22K,,,,missing,true,,ibja,0
2026-09-05,XAU.24K.INR.G,XAU.24K,,,,missing,true,,ibja,0
2026-09-06,XAU.18K.INR.G,XAU.18K,,,,missing,false,,ibja,0
2026-09-06,XAU.22K.INR.G,XAU.22K,,,,missing,false,,ibja,0
2026-09-06,XAU.24K.INR.G,XAU.24K,,,,missing,false,,ibja,0
2026-09-07,XAU.18K.INR.G,XAU.18K,11452.7,,,final,true,,ibja,0
2026-09-07,XAU.22K.INR.G,XAU.22K,13987.6,,,final,true,,ibja,0
2026-09-07,XAU.24K.INR.G,XAU.24K,15270.3,,,final,true,,ibja,0
2026-09-08,XAU.18K.INR.G,XAU.18K,11480.8,11452.7,0.2454,final,true,,ibja,0
2026-09-08,XAU.22K.INR.G,XAU.22K,14021.9,13987.6,0.2452,final,true,,ibja,0
2026-09-08,XAU.24K.INR.G,XAU.24K,15307.7,15270.3,0.2449,final,true,,ibja,0
2026-09-09,XAU.18K.INR.G,XAU.18K,11511.5,11480.8,0.2674,final,true,,ibja,0
2026-09-09,XAU.22K.INR.G,XAU.22K,14059.3,14021.9,0.2667,final,true,,ibja,0
2026-09-09,XAU.24K.INR.G,XAU.24K,15348.6,15307.7,0.2672,final,true,,ibja,0
2026-09-10,XAU.18K.INR.G,XAU.18K,11496.5,11511.5,-0.1303,final,true,,ibja,0
2026-09-10,XAU.22K.INR.G,XAU.22K,14041.1,14059.3,-0.1295,final,true,,ibja,0
2026-09-10,XAU.24K.INR.G,XAU.24K,15328.7,15348.6,-0.1297,final,true,,ibja,0
2026-09-11,XAU.18K.INR.G,XAU.18K,11395.4,11496.5,-0.8794,final,true,,ibja,0
2026-09-11,XAU.22K.INR.G,XAU.22K,13917.5,14041.1,-0.8803,final,true,,ibja,0
2026-09-11,XAU.24K.INR.G,XAU.24K,15193.8,15328.7,-0.88,final,true,,ibja,0
2026-09-12,XAU.18K.INR.G,XAU.18K,,,,missing,true,,ibja,0
2026-09-12,XAU.22K.INR.G,XAU.22K,,,,missing,true,,ibja,0
2026-09-12,XAU.24K.INR.G,XAU.24K,,,,missing,true,,ibja,0
2026-09-13,XAU.18K.INR.G,XAU.18K,,,,missing,false,,ibja,0
2026-09-13,XAU.22K.INR.G,XAU.22K,,,,missing,false,,ibja,0
2026-09-13,XAU.24K.INR.G,XAU.24K,,,,missing,false,,ibja,0
2026-09-14,XAU.18K.INR.G,XAU.18K,11557,,,final,true,,ibja,0
2026-09-14,XAU.22K.INR.G,XAU.22K,14125,,,final,true,,ibja,0
2026-09-14,XAU.24K.INR.G,XAU.24K,15409,,,final,true,,ibja,0
2026-09-15,XAU.18K.INR.G,XAU.18K,11317.7,11557,-2.0706,final,true,,ibja,0
2026-09-15,XAU.22K.INR.G,XAU.22K,13822.6,14125,-2.1409,final,true,,ibja,0
2026-09-15,XAU.24K.INR.G,XAU.24K,15090.2,15409,-2.0689,final,true,,ibja,0
2026-09-16,XAU.18K.INR.G,XAU.18K,11427.2,11317.7,0.9675,final,true,,ibja,0
2026-09-16,XAU.22K.INR.G,XAU.22K,13956.4,13822.6,0.968,final,true,,ibja,0
2026-09-16,XAU.24K.INR.G,XAU.24K,15236.2,15090.2,0.9675,final,true,,ibja,0
2026-09-17,XAU.18K.INR.G,XAU.18K,11388.7,11427.2,-0.3369,final,true,,ibja,0
2026-09-17,XAU.22K.INR.G,XAU.22K,13909.4,13956.4,-0.3368,final,true,,ibja,0
2026-09-17,XAU.24K.INR.G,XAU.24K,15184.9,15236.2,-0.3367,final,true,,ibja,0
2026-09-18,XAU.18K.INR.G,XAU.18K,11529.5,11388.7,1.2363,final,true,,ibja,0
2026-09-18,XAU.22K.INR.G,XAU.22K,14081.4,13909.4,1.2366,final,true,,ibja,0
2026-09-18,XAU.24K.INR.G,XAU.24K,15372.7,15184.9,1.2368,final,true,,ibja,0
2026-09-19,XAU.18K.INR.G,XAU.18K,,,,missing,true,,ibja,0
2026-09-19,XAU.22K.INR.G,XAU.22K,,,,missing,true,,ibja,0
2026-09-19,XAU.24K.INR.G,XAU.24K,,,,missing,true,,ibja,0
2026-09-20,XAU.18K.INR.G,XAU.18K,,,,missing,false,,ibja,0
2026-09-20,XAU.22K.INR.G,XAU.22K,,,,missing,false,,ibja,0
2026-09-20,XAU.24K.INR.G,XAU.24K,,,,missing,false,,ibja,0
2026-09-21,XAU.18K.INR.G,XAU.18K,11500.3,,,final,true,,ibja,0
2026-09-21,XAU.22K.INR.G,XAU.22K,14045.7,,,final,true,,ibja,0
2026-09-21,XAU.24K.INR.G,XAU.24K,15333.7,,,final,true,,ibja,0
2026-09-22,XAU.18K.INR.G,XAU.18K,11410.2,11500.3,-0.7835,final,true,,ibja,0
2026-09-22,XAU.22K.INR.G,XAU.22K,13935.7,14045.7,-0.7832,final,true,,ibja,0
2026-09-22,XAU.24K.INR.G,XAU.24K,15213.6,15333.7,-0.7832,final,true,,ibja,0
2026-09-23,XAU.18K.INR.G,XAU.18K,11401.2,11410.2,-0.0789,final,true,,ibja,0
2026-09-23,XAU.22K.INR.G,XAU.22K,13924.7,13935.7,-0.0789,final,true,,ibja,0
2026-09-23,XAU.24K.INR.G,XAU.24K,15201.6,15213.6,-0.0789,final,true,,ibja,0
2026-09-24,XAU.18K.INR.G,XAU.18K,11308.9,11401.2,-0.8096,final,true,,ibja,0
2026-09-24,XAU.22K.INR.G,XAU.22K,13811.9,13924.7,-0.8101,final,true,,ibja,0
2026-09-24,XAU.24K.INR.G,XAU.24K,15078.5,15201.6,-0.8098,final,true,,ibja,0
2026-09-25,XAU.18K.INR.G,XAU.18K,11408.5,11308.9,0.8807,final,true,,ibja,0
2026-09-25,XAU.22K.INR.G,XAU.22K,13933.6,13811.9,0.8811,final,true,,ibja,0
2026-09-25,XAU.24K.INR.G,XAU.24K,15211.3,15078.5,0.8807,final,true,,ibja,0
2026-09-26,XAU.18K.INR.G,XAU.18K,,,,missing,true,,ibja,0
2026-09-26,XAU.22K.INR.G,XAU.22K,,,,missing,true,,ibja,0
2026-09-26,XAU.24K.INR.G,XAU.24K,,,,missing,true,,ibja,0
2026-09-27,XAU.18K.INR.G,XAU.18K,,,,missing,false,,ibja,0
2026-09-27,XAU.22K.INR.G,XAU.22K,,,,missing,false,,ibja,0
2026-09-27,XAU.24K.INR.G,XAU.24K,,,,missing,false,,ibja,0
2026-09-28,XAU.18K.INR.G,XAU.18K,11098.5,,,provisional,true,,ibja,0
2026-09-28,XAU.22K.INR.G,XAU.22K,13555,,,provisional,true,,ibja,0
2026-09-28,XAU.24K.INR.G,XAU.24K,14798,,,provisional,true,,ibja,0
2026-09-29,XAU.18K.INR.G,XAU.18K,11075,11098.5,-0.2117,provisional,true,,ibja,0
2026-09-29,XAU.22K.INR.G,XAU.22K,13526.3,13555,-0.2117,provisional,true,,ibja,0
2026-09-29,XAU.24K.INR.G,XAU.24K,14766.7,14798,-0.2115,provisional,true,,ibja,0
